{
  "pref": [
    {
      "title": "道北",
      "city": [
        {
          "title": "稚内",
          "id": "011000"
        },
        {
          "title": "旭川",
          "id": "012010"
        },
        {
          "title": "留萌",
          "id": "012020"
        }
      ]
    },
    {
      "title": "道東",
      "city": [
        {
          "title": "網走",
          "id": "013010"
        },
        {
          "title": "北見",
          "id": "013020"
        },
        {
          "title": "紋別",
          "id": "013030"
        },
        {
          "title": "根室",
          "id": "014010"
        },
        {
          "title": "釧路",
          "id": "014020"
        },
        {
          "title": "帯広",
          "id": "014030"
        }
      ]
    },
    {
      "title": "道南",
      "city": [
        {
          "title": "室蘭",
          "id": "015010"
        },
        {
          "title": "浦河",
          "id": "015020"
        }
      ]
    },
    {
      "title": "道央",
      "city": [
        {
          "title": "札幌",
          "id": "016010"
        },
        {
          "title": "岩見沢",
          "id": "016020"
        },
        {
          "title": "倶知安",
          "id": "016030"
        }
      ]
    },
    {
      "title": "道南",
      "city": [
        {
          "title": "函館",
          "id": "017010"
        },
        {
          "title": "江差",
          "id": "017020"
        }
      ]
    },
    {
      "title": "青森県",
      "city": [
        {
          "title": "青森",
          "id": "020010"
        },
        {
          "title": "むつ",
          "id": "020020"
        },
        {
          "title": "八戸",
          "id": "020030"
        }
      ]
    },
    {
      "title": "岩手県",
      "city": [
        {
          "title": "盛岡",
          "id": "030010"
        },
        {
          "title": "宮古",
          "id": "030020"
        },
        {
          "title": "大船渡",
          "id": "030030"
        }
      ]
    },
    {
      "title": "宮城県",
      "city": [
        {
          "title": "仙台",
          "id": "040010"
        },
        {
          "title": "白石",
          "id": "040020"
        }
      ]
    },
    {
      "title": "秋田県",
      "city": [
        {
          "title": "秋田",
          "id": "050010"
        },
        {
          "title": "横手",
          "id": "050020"
        }
      ]
    },
    {
      "title": "山形県",
      "city": [
        {
          "title": "山形",
          "id": "060010"
        },
        {
          "title": "米沢",
          "id": "060020"
        },
        {
          "title": "酒田",
          "id": "060030"
        },
        {
          "title": "新庄",
          "id": "060040"
        }
      ]
    },
    {
      "title": "福島県",
      "city": [
        {
          "title": "福島",
          "id": "070010"
        },
        {
          "title": "小名浜",
          "id": "070020"
        },
        {
          "title": "若松",
          "id": "070030"
        }
      ]
    },
    {
      "title": "茨城県",
      "city": [
        {
          "title": "水戸",
          "id": "080010"
        },
        {
          "title": "土浦",
          "id": "080020"
        }
      ]
    },
    {
      "title": "栃木県",
      "city": [
        {
          "title": "宇都宮",
          "id": "090010"
        },
        {
          "title": "大田原",
          "id": "090020"
        }
      ]
    },
    {
      "title": "群馬県",
      "city": [
        {
          "title": "前橋",
          "id": "100010"
        },
        {
          "title": "みなかみ",
          "id": "100020"
        }
      ]
    },
    {
      "title": "埼玉県",
      "city": [
        {
          "title": "さいたま",
          "id": "110010"
        },
        {
          "title": "熊谷",
          "id": "110020"
        },
        {
          "title": "秩父",
          "id": "110030"
        }
      ]
    },
    {
      "title": "千葉県",
      "city": [
        {
          "title": "千葉",
          "id": "120010"
        },
        {
          "title": "銚子",
          "id": "120020"
        },
        {
          "title": "館山",
          "id": "120030"
        }
      ]
    },
    {
      "title": "東京都",
      "city": [
        {
          "title": "東京",
          "id": "130010"
        },
        {
          "title": "大島",
          "id": "130020"
        },
        {
          "title": "八丈島",
          "id": "130030"
        },
        {
          "title": "父島",
          "id": "130040"
        }
      ]
    },
    {
      "title": "神奈川県",
      "city": [
        {
          "title": "横浜",
          "id": "140010"
        },
        {
          "title": "小田原",
          "id": "140020"
        }
      ]
    },
    {
      "title": "新潟県",
      "city": [
        {
          "title": "新潟",
          "id": "150010"
        },
        {
          "title": "長岡",
          "id": "150020"
        },
        {
          "title": "高田",
          "id": "150030"
        },
        {
          "title": "相川",
          "id": "150040"
        }
      ]
    },
    {
      "title": "富山県",
      "city": [
        {
          "title": "富山",
          "id": "160010"
        },
        {
          "title": "伏木",
          "id": "160020"
        }
      ]
    },
    {
      "title": "石川県",
      "city": [
        {
          "title": "金沢",
          "id": "170010"
        },
        {
          "title": "輪島",
          "id": "170020"
        }
      ]
    },
    {
      "title": "福井県",
      "city": [
        {
          "title": "福井",
          "id": "180010"
        },
        {
          "title": "敦賀",
          "id": "180020"
        }
      ]
    },
    {
      "title": "山梨県",
      "city": [
        {
          "title": "甲府",
          "id": "190010"
        },
        {
          "title": "河口湖",
          "id": "190020"
        }
      ]
    },
    {
      "title": "長野県",
      "city": [
        {
          "title": "長野",
          "id": "200010"
        },
        {
          "title": "松本",
          "id": "200020"
        },
        {
          "title": "飯田",
          "id": "200030"
        }
      ]
    },
    {
      "title": "岐阜県",
      "city": [
        {
          "title": "岐阜",
          "id": "210010"
        },
        {
          "title": "高山",
          "id": "210020"
        }
      ]
    },
    {
      "title": "静岡県",
      "city": [
        {
          "title": "静岡",
          "id": "220010"
        },
        {
          "title": "網代",
          "id": "220020"
        },
        {
          "title": "三島",
          "id": "220030"
        },
        {
          "title": "浜松",
          "id": "220040"
        }
      ]
    },
    {
      "title": "愛知県",
      "city": [
        {
          "title": "名古屋",
          "id": "230010"
        },
        {
          "title": "豊橋",
          "id": "230020"
        }
      ]
    },
    {
      "title": "三重県",
      "city": [
        {
          "title": "津",
          "id": "240010"
        },
        {
          "title": "尾鷲",
          "id": "240020"
        }
      ]
    },
    {
      "title": "滋賀県",
      "city": [
        {
          "title": "大津",
          "id": "250010"
        },
        {
          "title": "彦根",
          "id": "250020"
        }
      ]
    },
    {
      "title": "京都府",
      "city": [
        {
          "title": "京都",
          "id": "260010"
        },
        {
          "title": "舞鶴",
          "id": "260020"
        }
      ]
    },
    {
      "title": "大阪府",
      "city": {
        "title": "大阪",
        "id": "270000"
      }
    },
    {
      "title": "兵庫県",
      "city": [
        {
          "title": "神戸",
          "id": "280010"
        },
        {
          "title": "豊岡",
          "id": "280020"
        }
      ]
    },
    {
      "title": "奈良県",
      "city": [
        {
          "title": "奈良",
          "id": "290010"
        },
        {
          "title": "風屋",
          "id": "290020"
        }
      ]
    },
    {
      "title": "和歌山県",
      "city": [
        {
          "title": "和歌山",
          "id": "300010"
        },
        {
          "title": "潮岬",
          "id": "300020"
        }
      ]
    },
    {
      "title": "鳥取県",
      "city": [
        {
          "title": "鳥取",
          "id": "310010"
        },
        {
          "title": "米子",
          "id": "310020"
        }
      ]
    },
    {
      "title": "島根県",
      "city": [
        {
          "title": "松江",
          "id": "320010"
        },
        {
          "title": "浜田",
          "id": "320020"
        },
        {
          "title": "西郷",
          "id": "320030"
        }
      ]
    },
    {
      "title": "岡山県",
      "city": [
        {
          "title": "岡山",
          "id": "330010"
        },
        {
          "title": "津山",
          "id": "330020"
        }
      ]
    },
    {
      "title": "広島県",
      "city": [
        {
          "title": "広島",
          "id": "340010"
        },
        {
          "title": "庄原",
          "id": "340020"
        }
      ]
    },
    {
      "title": "山口県",
      "city": [
        {
          "title": "下関",
          "id": "350010"
        },
        {
          "title": "山口",
          "id": "350020"
        },
        {
          "title": "柳井",
          "id": "350030"
        },
        {
          "title": "萩",
          "id": "350040"
        }
      ]
    },
    {
      "title": "徳島県",
      "city": [
        {
          "title": "徳島",
          "id": "360010"
        },
        {
          "title": "日和佐",
          "id": "360020"
        }
      ]
    },
    {
      "title": "香川県",
      "city": {
        "title": "高松",
        "id": "370000"
      }
    },
    {
      "title": "愛媛県",
      "city": [
        {
          "title": "松山",
          "id": "380010"
        },
        {
          "title": "新居浜",
          "id": "380020"
        },
        {
          "title": "宇和島",
          "id": "380030"
        }
      ]
    },
    {
      "title": "高知県",
      "city": [
        {
          "title": "高知",
          "id": "390010"
        },
        {
          "title": "室戸岬",
          "id": "390020"
        },
        {
          "title": "清水",
          "id": "390030"
        }
      ]
    },
    {
      "title": "福岡県",
      "city": [
        {
          "title": "福岡",
          "id": "400010"
        },
        {
          "title": "八幡",
          "id": "400020"
        },
        {
          "title": "飯塚",
          "id": "400030"
        },
        {
          "title": "久留米",
          "id": "400040"
        }
      ]
    },
    {
      "title": "佐賀県",
      "city": [
        {
          "title": "佐賀",
          "id": "410010"
        },
        {
          "title": "伊万里",
          "id": "410020"
        }
      ]
    },
    {
      "title": "長崎県",
      "city": [
        {
          "title": "長崎",
          "id": "420010"
        },
        {
          "title": "佐世保",
          "id": "420020"
        },
        {
          "title": "厳原",
          "id": "420030"
        },
        {
          "title": "福江",
          "id": "420040"
        }
      ]
    },
    {
      "title": "熊本県",
      "city": [
        {
          "title": "熊本",
          "id": "430010"
        },
        {
          "title": "阿蘇乙姫",
          "id": "430020"
        },
        {
          "title": "牛深",
          "id": "430030"
        },
        {
          "title": "人吉",
          "id": "430040"
        }
      ]
    },
    {
      "title": "大分県",
      "city": [
        {
          "title": "大分",
          "id": "440010"
        },
        {
          "title": "中津",
          "id": "440020"
        },
        {
          "title": "日田",
          "id": "440030"
        },
        {
          "title": "佐伯",
          "id": "440040"
        }
      ]
    },
    {
      "title": "宮崎県",
      "city": [
        {
          "title": "宮崎",
          "id": "450010"
        },
        {
          "title": "延岡",
          "id": "450020"
        },
        {
          "title": "都城",
          "id": "450030"
        },
        {
          "title": "高千穂",
          "id": "450040"
        }
      ]
    },
    {
      "title": "鹿児島県",
      "city": [
        {
          "title": "鹿児島",
          "id": "460010"
        },
        {
          "title": "鹿屋",
          "id": "460020"
        },
        {
          "title": "種子島",
          "id": "460030"
        },
        {
          "title": "名瀬",
          "id": "460040"
        }
      ]
    },
    {
      "title": "沖縄県",
      "city": [
        {
          "title": "那覇",
          "id": "471010"
        },
        {
          "title": "名護",
          "id": "471020"
        },
        {
          "title": "久米島",
          "id": "471030"
        },
        {
          "title": "南大東",
          "id": "472000"
        },
        {
          "title": "宮古島",
          "id": "473000"
        },
        {
          "title": "石垣島",
          "id": "474010"
        },
        {
          "title": "与那国島",
          "id": "474020"
        }
      ]
    }
  ]
}